<annotation>
	<folder>my-project-name</folder>
	<filename>20240621_221927.jpg</filename>
	<path>/my-project-name/20240621_221927.jpg</path>
	<source>
		<database>Unspecified</database>
	</source>
	<size>
		<width>1816</width>
		<height>4032</height>
		<depth>3</depth>
	</size>
	<object>
		<name>Like/Dislike</name>
		<pose>Unspecified</pose>
		<truncated>0</truncated>
		<difficult>0</difficult>
		<bndbox>
			<xmin>343</xmin>
			<ymin>2190</ymin>
			<xmax>762</xmax>
			<ymax>2542</ymax>
		</bndbox>
	</object>
</annotation>