<annotation>
	<folder>my-project-name</folder>
	<filename>20240621_222348.jpg</filename>
	<path>/my-project-name/20240621_222348.jpg</path>
	<source>
		<database>Unspecified</database>
	</source>
	<size>
		<width>1816</width>
		<height>4032</height>
		<depth>3</depth>
	</size>
	<object>
		<name>Story</name>
		<pose>Unspecified</pose>
		<truncated>0</truncated>
		<difficult>0</difficult>
		<bndbox>
			<xmin>1527</xmin>
			<ymin>3363</ymin>
			<xmax>1548</xmax>
			<ymax>3374</ymax>
		</bndbox>
	</object>
	<object>
		<name>Story</name>
		<pose>Unspecified</pose>
		<truncated>0</truncated>
		<difficult>0</difficult>
		<bndbox>
			<xmin>501</xmin>
			<ymin>2312</ymin>
			<xmax>940</xmax>
			<ymax>2613</ymax>
		</bndbox>
	</object>
</annotation>