<annotation>
	<folder>my-project-name</folder>
	<filename>20240621_221849(0).jpg</filename>
	<path>/my-project-name/20240621_221849(0).jpg</path>
	<source>
		<database>Unspecified</database>
	</source>
	<size>
		<width>1816</width>
		<height>4032</height>
		<depth>3</depth>
	</size>
	<object>
		<name>Like/Dislike</name>
		<pose>Unspecified</pose>
		<truncated>0</truncated>
		<difficult>0</difficult>
		<bndbox>
			<xmin>869</xmin>
			<ymin>1495</ymin>
			<xmax>1298</xmax>
			<ymax>1894</ymax>
		</bndbox>
	</object>
</annotation>