<annotation>
	<folder>my-project-name</folder>
	<filename>20240621_222355(0).jpg</filename>
	<path>/my-project-name/20240621_222355(0).jpg</path>
	<source>
		<database>Unspecified</database>
	</source>
	<size>
		<width>1816</width>
		<height>4032</height>
		<depth>3</depth>
	</size>
	<object>
		<name>Story</name>
		<pose>Unspecified</pose>
		<truncated>0</truncated>
		<difficult>0</difficult>
		<bndbox>
			<xmin>603</xmin>
			<ymin>1628</ymin>
			<xmax>1180</xmax>
			<ymax>2281</ymax>
		</bndbox>
	</object>
</annotation>