<annotation>
	<folder>my-project-name</folder>
	<filename>20240621_222119.jpg</filename>
	<path>/my-project-name/20240621_222119.jpg</path>
	<source>
		<database>Unspecified</database>
	</source>
	<size>
		<width>1816</width>
		<height>4032</height>
		<depth>3</depth>
	</size>
	<object>
		<name>Star</name>
		<pose>Unspecified</pose>
		<truncated>0</truncated>
		<difficult>0</difficult>
		<bndbox>
			<xmin>940</xmin>
			<ymin>2435</ymin>
			<xmax>1292</xmax>
			<ymax>2710</ymax>
		</bndbox>
	</object>
</annotation>